Gradient,Gradient-SG,GradCAM,gt
1.0,3.203542595465216e-244,2.0834738699534625e-64,8.206162234130582e-52
3.203542595465216e-244,1.0,8.0646443255913e-69,1.4395083503341146e-55
2.0834738699534625e-64,8.0646443255913e-69,1.0,5.853490034458869e-54
8.206162234130582e-52,1.4395083503341146e-55,5.853490034458869e-54,1.0
